genre,terms
Action,agent assassin must forc fight battl team world cop mission power find save war terrorist kill enemi crimin new one warrior life take prison man earth rescu young protect race human citi ruthless oper famili danger soldier stop cia becom friend batman govern former year two drug murder deadli elit planet get train hero live fighter crime reveng attack weapon surviv kidnap group turn love hunt polic back face partner order armi target martial help mysteri secret discov alien skill death join alli time heist justic escap gang tri recruit set use stori action ex plan mercenari old superman make 
Adventure,adventur world must save find evil power new earth dragon mission quest forc life young hero take warrior ship friend island human dinosaur planet one team bond embark mysteri becom villain danger famili battl journey rescu ancient discov captain land year magic treasur two name help live search home man epic get race destroy father face set jungl time boy tribe wizard fight back princess war creatur travel way join return citi love old turn anim space tri escap threat surviv dog stori come group plan make murder stop secret girl enemi woman crew kingdom learn togeth school amazon galaxi 
Animation,anim scoobi monster magic adventur friend new batman world fairi save must find princess dragon hero doo evil villain gang christma get take name famili mysteri one young life citi journey superman becom help littl time kingdom power shaggi penguin learn set home leagu discov go mous live embark back team gotham come forc shrek girl land day make stori pal year turn dinosaur littlefoot two love way rabbit togeth meet ghoul human inc old secret smurf super tale dog stop plan bug quest tri hiccup high away cartoon face island planet dream race man owl three first school music 
Comedy,get school friend best high comedi wed new love guy find murder young decid kid life war big one scoobi go make meet death world famili date fall take man two christma show help year time thing plan hilari colleg becom adventur forc parti day kill must stori live want back surviv star fight girlfriend girl bad old mysteri discov killer pal dad power dream team turn trip woman three parent deadli soldier dog tri come group put outrag togeth begin danger romanc investig marri mom home competit father escap problem set learn way prison move job name win need 
Crime,murder polic drug cop crime crimin detect heist killer prison fbi investig find partner bank new life two one agent young famili serial man mob kill take becom offic robberi year gangster get forc must citi boss case friend turn tri corrupt world gang mafia live thief involv kidnap york undercov street woman make wife daughter help old steal set money former plan goe brother assassin stori work death dealer uncov go run town lo con ex father back love mysteri come team son job time small angel attempt discov escap danger million violent high conspiraci cartel girl save way 
Documentary,documentari film footag interview life world intim explor look behind stori scene one make reveal year featur career time live cast perform new access icon histori filmmak never archiv journey person take movi director follow peopl star music crew two seri jackass work man seen stunt set univers famili avatar depth rise cultur shock first death oppenheim artist fame us share product american art power experi celebr album decad day transgend portrait use lead mysteri come scientist tell chang human impact ever like porn end well min rehears special adult exclus planet part includ young offer secret rare face true 
Drama,life stori young love live must war famili find evil new year man relationship struggl woman save two one world friend father true american becom mother wife take discov team mysteri son get husband work forc group old magic begin ii boy power monster adventur help fall alien turn york school time passion sexual drama murder chang make girl earth tri home affair human dancer come daughter way creatur set back town career marriag stop planet meet secret lead high british teenag citi friendship plan base anim day student first game prison vampir death kill small women return fight tragedi 
Family,magic adventur dog christma friend new anim find fairi world monster boy scoobi save must famili get home littl young help princess life take name evil discov puppi one old learn dragon year becom girl santa villain time live make school doo come orphan power kid meet stori mysteri kingdom embark gang back two love father team way turn journey land togeth toy go set tale tri parent day high creatur first dream forc man away quest secret pal plan citi shaggi disney big witch hero cat wizard want best three town human holiday accident dad wish return true music 
Fantasy,magic evil world find dragon power fairi vampir monster young must witch new discov ancient wizard life save adventur mysteri live becom princess year one warrior famili forc friend take girl help old get human man love boy quest creatur name time return immort battl home come two earth way queen dark back father god land turn supernatur journey school set stori secret learn make kingdom tri citi face woman ghost high day embark meet group togeth fall stop christma order destroy first begin fight away troll teenag beauti giant go soul soon search town death follow kill end true 
History,stori war ii true american british world life armi centuri nazi famili first becom year one england young find slave bligh base church battl new live fight wwii german man two queen communist empir lead apartheid forc inspir viii boleyn love crucifixion take nation histori gener slaveri patton soldier film confeder ibn throne hanssen civil isra vatel troop america peopl septemb follow english must behind save led help rome friend son ottoman jewish team way make rise valjean hoffa drama capon would histor get presid cuban set begin tribun face 1966 escap conquest literari robe worsley struggl tora barabba south 
Horror,vampir zombi group hous young mysteri famili demon town horror find terrifi discov turn supernatur nightmar terror shark one new friend surviv life haunt begin trap creatur murder killer home evil kill night must take year becom forc remot live soon blood world two woman dark mother death victim man secret entiti deadli investig old get girl possess survivor teenag unleash strang student sinist horrif dead escap flesh disturb tri come school hunt move stalk human love fight coupl someth halloween father isol attack return curs time plagu dracula small gruesom face way daughter children make help game back horrifi 
Music,music singer band danc life new rock star dream dancer perform young find musician live concert world talent one becom album love make girl get pop stori school take rise record year friend sing career song high learn come time competit famili two way show help togeth begin father meet town fall teenag featur discov fame songwrit day hip old journey york boy hop magic camp first countri big stage stardom best tour superstar night street group celebr home scene follow look aspir forc back true struggl chang turn club tri set must audit footag classic former mother interview small 
Mystery,mysteri murder investig scoobi detect find killer begin young discov doo disappear famili one life shaggi new solv man case friend woman town secret becom year live two take must world suspect truth death uncov forc wife strang daughter soon turn home hous get miss polic gang haunt girl past serial tri husband dark event help old group kill behind work set crime father back come mother holm involv seem inc make return someth day conspiraci clue time privat disturb son unravel coupl game school arriv citi stranger search night remot sinist may lead team start goe three dead love 
Romance,love fall life relationship find woman romanc meet new young get marri friend two one man girl live famili year romant school becom wed world beauti take work high make day marriag best lover dream discov must time help stori father date daughter wife begin affair set come coupl husband old decid turn tri york way girlfriend town passion forc learn boyfriend home first women back togeth heart mother colleg soon guy end teenag small parent star sister move chang mysteri secret start lead return feel true student three face job handsom career follow want travel citi divorc long complic 
Science Fiction,alien earth planet human world space futur find scientist power robot must save new forc year one life mysteri discov time young becom man mission two team univers take fight live stop group friend race surviv war survivor secret destroy creatur citi use turn crew famili battl back escap tri come face creat danger set help get evil astronaut attack dr way begin woman govern return make first control home galaxi event viru mankind three investig hero peopl game plan lead threat father soldier destruct go love kill soon machin agent superman intellig attempt town death day threaten old travel 
TV Movie,christma cindel alf school find one halloweentown famili new seabrook high must ewok love mother becom life get addison take year sg ta ori friend avalon towani learn young witch world back two girl stori mal live home wed teenag time old go bb turn make camryn father worsley kade marvel espaniola mysteri holiday begin disney accident shaggi fall look forc work save man daughter ferb return magic sister discov film togeth help star meet way use movi start perfect true parent day shark team first power brother big lead boy break foxworth hope popular woman plan camp student galaxi 
Thriller,murder killer agent investig find young new life one man famili mysteri forc must becom take secret world crime friend woman detect kill polic turn year two deadli assassin live wife discov cop death love group get uncov daughter terrorist soon danger crimin surviv begin town serial prison drug offic old escap home tri former stori school girl help make target son father time oper fbi hous suspect cia come team remot game husband past mission set mother save fight hunt work ex violent citi govern goe trap high war kidnap way truth attack dead conspiraci reveng back run day 
War,war ii german soldier nazi world american armi vietnam mission alli battl stori forc command british young enemi fight wwii offic find afghanistan lead navi group line japanes unit 1944 live must behind pilot marin becom gener famili prison militari first life troop rescu two colonel jewish kill love true taliban iraq attack men way man work three camp persian team base hitler take face ship germani home pow sniper return escap surviv one new occupi squad fighter year last captain son save make wife us 1941 girl seal friend day power film destroy struggl set back elit sent help 
Western,outlaw town rancher poss cattl frontier gunfight old sheriff take find young indian gang famili gunsling apach brother gun murder two bandit help friend one earp hire kill marshal tri doc mexico new stagecoach father man gold arriv wife mexican small woman ranch texa becom must bring war get hud american baron notori forc saloon son men homestead land cheyenn group local lawman life holliday set west home year live travel reveng gunman hunter kidnap prospector civil come bounti wild farmer captur gambler former return chon time mysteri hors rescu back three justic way discov decid name order evan seek 
